[{"created_at":"Tue May 06 06:33:29 +0000 2014","id":463567205305556992,"id_str":"463567205305556992","text":"@patrickcoombe thanks for noticing ;) @unbounce pages rock, hard!\n^Dan","source":"\u003ca href=\"http:\/\/itunes.apple.com\/us\/app\/twitter\/id409789998?mt=12\" rel=\"nofollow\"\u003eTwitter for Mac\u003c\/a\u003e","truncated":false,"in_reply_to_status_id":463562972741500928,"in_reply_to_status_id_str":"463562972741500928","in_reply_to_user_id":1292857848,"in_reply_to_user_id_str":"1292857848","in_reply_to_screen_name":"patrickcoombe","user":{"id":223434610,"id_str":"223434610","name":"ThemeForest","screen_name":"ThemeForest","location":"Melbourne, Australia","description":"The world leader in premium website themes and templates. Follow the community too #themeforest","url":"http:\/\/t.co\/J3c7B7SVqV","entities":{"url":{"urls":[{"url":"http:\/\/t.co\/J3c7B7SVqV","expanded_url":"http:\/\/themeforest.net","display_url":"themeforest.net","indices":[0,22]}]},"description":{"urls":[]}},"protected":false,"followers_count":2067,"friends_count":165,"listed_count":31,"created_at":"Mon Dec 06 11:31:45 +0000 2010","favourites_count":59,"utc_offset":39600,"time_zone":"New Caledonia","geo_enabled":false,"verified":false,"statuses_count":282,"lang":"en","contributors_enabled":false,"is_translator":false,"is_translation_enabled":false,"profile_background_color":"C0DEED","profile_background_image_url":"http:\/\/pbs.twimg.com\/profile_background_images\/378800000165060312\/OD99Ktl2.jpeg","profile_background_image_url_https":"https:\/\/pbs.twimg.com\/profile_background_images\/378800000165060312\/OD99Ktl2.jpeg","profile_background_tile":false,"profile_image_url":"http:\/\/pbs.twimg.com\/profile_images\/460967605008728065\/llDTN-Pk_normal.png","profile_image_url_https":"https:\/\/pbs.twimg.com\/profile_images\/460967605008728065\/llDTN-Pk_normal.png","profile_banner_url":"https:\/\/pbs.twimg.com\/profile_banners\/223434610\/1398733933","profile_link_color":"0084B4","profile_sidebar_border_color":"FFFFFF","profile_sidebar_fill_color":"DDEEF6","profile_text_color":"333333","profile_use_background_image":true,"default_profile":false,"default_profile_image":false,"following":false,"follow_request_sent":false,"notifications":false},"geo":null,"coordinates":null,"place":null,"contributors":null,"retweet_count":0,"favorite_count":0,"entities":{"hashtags":[],"symbols":[],"urls":[],"user_mentions":[{"screen_name":"patrickcoombe","name":"Patrick Coombe","id":1292857848,"id_str":"1292857848","indices":[0,14]},{"screen_name":"unbounce","name":"Unbounce","id":65304372,"id_str":"65304372","indices":[38,47]}]},"favorited":false,"retweeted":false,"lang":"en"},{"created_at":"Tue May 06 04:45:05 +0000 2014","id":463539927058509824,"id_str":"463539927058509824","text":"How to Rebrand a Startup: An Interview with Layla Foord http:\/\/t.co\/qfbJ4c6E9x http:\/\/t.co\/a8qgBYCWqr","source":"\u003ca href=\"http:\/\/bufferapp.com\" rel=\"nofollow\"\u003eBuffer\u003c\/a\u003e","truncated":false,"in_reply_to_status_id":null,"in_reply_to_status_id_str":null,"in_reply_to_user_id":null,"in_reply_to_user_id_str":null,"in_reply_to_screen_name":null,"user":{"id":223434610,"id_str":"223434610","name":"ThemeForest","screen_name":"ThemeForest","location":"Melbourne, Australia","description":"The world leader in premium website themes and templates. Follow the community too #themeforest","url":"http:\/\/t.co\/J3c7B7SVqV","entities":{"url":{"urls":[{"url":"http:\/\/t.co\/J3c7B7SVqV","expanded_url":"http:\/\/themeforest.net","display_url":"themeforest.net","indices":[0,22]}]},"description":{"urls":[]}},"protected":false,"followers_count":2067,"friends_count":165,"listed_count":31,"created_at":"Mon Dec 06 11:31:45 +0000 2010","favourites_count":59,"utc_offset":39600,"time_zone":"New Caledonia","geo_enabled":false,"verified":false,"statuses_count":282,"lang":"en","contributors_enabled":false,"is_translator":false,"is_translation_enabled":false,"profile_background_color":"C0DEED","profile_background_image_url":"http:\/\/pbs.twimg.com\/profile_background_images\/378800000165060312\/OD99Ktl2.jpeg","profile_background_image_url_https":"https:\/\/pbs.twimg.com\/profile_background_images\/378800000165060312\/OD99Ktl2.jpeg","profile_background_tile":false,"profile_image_url":"http:\/\/pbs.twimg.com\/profile_images\/460967605008728065\/llDTN-Pk_normal.png","profile_image_url_https":"https:\/\/pbs.twimg.com\/profile_images\/460967605008728065\/llDTN-Pk_normal.png","profile_banner_url":"https:\/\/pbs.twimg.com\/profile_banners\/223434610\/1398733933","profile_link_color":"0084B4","profile_sidebar_border_color":"FFFFFF","profile_sidebar_fill_color":"DDEEF6","profile_text_color":"333333","profile_use_background_image":true,"default_profile":false,"default_profile_image":false,"following":false,"follow_request_sent":false,"notifications":false},"geo":null,"coordinates":null,"place":null,"contributors":null,"retweet_count":1,"favorite_count":4,"entities":{"hashtags":[],"symbols":[],"urls":[{"url":"http:\/\/t.co\/qfbJ4c6E9x","expanded_url":"http:\/\/buff.ly\/1fOfqCQ","display_url":"buff.ly\/1fOfqCQ","indices":[56,78]}],"user_mentions":[],"media":[{"id":463539926848798720,"id_str":"463539926848798720","indices":[79,101],"media_url":"http:\/\/pbs.twimg.com\/media\/Bm7TG4cIgAAP17Y.jpg","media_url_https":"https:\/\/pbs.twimg.com\/media\/Bm7TG4cIgAAP17Y.jpg","url":"http:\/\/t.co\/a8qgBYCWqr","display_url":"pic.twitter.com\/a8qgBYCWqr","expanded_url":"http:\/\/twitter.com\/ThemeForest\/status\/463539927058509824\/photo\/1","type":"photo","sizes":{"medium":{"w":600,"h":195,"resize":"fit"},"large":{"w":600,"h":195,"resize":"fit"},"thumb":{"w":150,"h":150,"resize":"crop"},"small":{"w":338,"h":110,"resize":"fit"}}}]},"favorited":false,"retweeted":false,"possibly_sensitive":false,"lang":"en"}]