[{"created_at":"Wed Aug 13 03:39:12 +0000 2014","id":499399743944921089,"id_str":"499399743944921089","text":"Eight marketplaces, one Envato Market. Join us: http:\/\/t.co\/cLo2w7rWOx","source":"\u003ca href=\"http:\/\/itunes.apple.com\/us\/app\/twitter\/id409789998?mt=12\" rel=\"nofollow\"\u003eTwitter for Mac\u003c\/a\u003e","truncated":false,"in_reply_to_status_id":null,"in_reply_to_status_id_str":null,"in_reply_to_user_id":null,"in_reply_to_user_id_str":null,"in_reply_to_screen_name":null,"user":{"id":223434610,"id_str":"223434610","name":"ThemeForest","screen_name":"ThemeForest","location":"Melbourne, Australia","description":"The world leader in premium website themes and templates. Follow the community too #themeforest","url":"http:\/\/t.co\/J3c7B7SVqV","entities":{"url":{"urls":[{"url":"http:\/\/t.co\/J3c7B7SVqV","expanded_url":"http:\/\/themeforest.net","display_url":"themeforest.net","indices":[0,22]}]},"description":{"urls":[]}},"protected":false,"followers_count":3019,"friends_count":176,"listed_count":45,"created_at":"Mon Dec 06 11:31:45 +0000 2010","favourites_count":115,"utc_offset":39600,"time_zone":"New Caledonia","geo_enabled":false,"verified":false,"statuses_count":399,"lang":"en","contributors_enabled":false,"is_translator":false,"is_translation_enabled":false,"profile_background_color":"C0DEED","profile_background_image_url":"http:\/\/pbs.twimg.com\/profile_background_images\/378800000165060312\/OD99Ktl2.jpeg","profile_background_image_url_https":"https:\/\/pbs.twimg.com\/profile_background_images\/378800000165060312\/OD99Ktl2.jpeg","profile_background_tile":false,"profile_image_url":"http:\/\/pbs.twimg.com\/profile_images\/460967605008728065\/llDTN-Pk_normal.png","profile_image_url_https":"https:\/\/pbs.twimg.com\/profile_images\/460967605008728065\/llDTN-Pk_normal.png","profile_banner_url":"https:\/\/pbs.twimg.com\/profile_banners\/223434610\/1398733933","profile_link_color":"0084B4","profile_sidebar_border_color":"FFFFFF","profile_sidebar_fill_color":"DDEEF6","profile_text_color":"333333","profile_use_background_image":true,"default_profile":false,"default_profile_image":false,"following":false,"follow_request_sent":false,"notifications":false},"geo":null,"coordinates":null,"place":null,"contributors":null,"retweet_count":2,"favorite_count":1,"entities":{"hashtags":[],"symbols":[],"urls":[{"url":"http:\/\/t.co\/cLo2w7rWOx","expanded_url":"http:\/\/twitter.com\/EnvatoMarket","display_url":"twitter.com\/EnvatoMarket","indices":[48,70]}],"user_mentions":[]},"favorited":false,"retweeted":false,"possibly_sensitive":false,"lang":"en"},{"created_at":"Wed Aug 13 03:39:01 +0000 2014","id":499399698088599553,"id_str":"499399698088599553","text":"@realseojoe why thank you sir! We'd love to show you around :)\n^Dan","source":"\u003ca href=\"http:\/\/itunes.apple.com\/us\/app\/twitter\/id409789998?mt=12\" rel=\"nofollow\"\u003eTwitter for Mac\u003c\/a\u003e","truncated":false,"in_reply_to_status_id":499354292738732032,"in_reply_to_status_id_str":"499354292738732032","in_reply_to_user_id":1338427015,"in_reply_to_user_id_str":"1338427015","in_reply_to_screen_name":"RealSEOJoe","user":{"id":223434610,"id_str":"223434610","name":"ThemeForest","screen_name":"ThemeForest","location":"Melbourne, Australia","description":"The world leader in premium website themes and templates. Follow the community too #themeforest","url":"http:\/\/t.co\/J3c7B7SVqV","entities":{"url":{"urls":[{"url":"http:\/\/t.co\/J3c7B7SVqV","expanded_url":"http:\/\/themeforest.net","display_url":"themeforest.net","indices":[0,22]}]},"description":{"urls":[]}},"protected":false,"followers_count":3019,"friends_count":176,"listed_count":45,"created_at":"Mon Dec 06 11:31:45 +0000 2010","favourites_count":115,"utc_offset":39600,"time_zone":"New Caledonia","geo_enabled":false,"verified":false,"statuses_count":399,"lang":"en","contributors_enabled":false,"is_translator":false,"is_translation_enabled":false,"profile_background_color":"C0DEED","profile_background_image_url":"http:\/\/pbs.twimg.com\/profile_background_images\/378800000165060312\/OD99Ktl2.jpeg","profile_background_image_url_https":"https:\/\/pbs.twimg.com\/profile_background_images\/378800000165060312\/OD99Ktl2.jpeg","profile_background_tile":false,"profile_image_url":"http:\/\/pbs.twimg.com\/profile_images\/460967605008728065\/llDTN-Pk_normal.png","profile_image_url_https":"https:\/\/pbs.twimg.com\/profile_images\/460967605008728065\/llDTN-Pk_normal.png","profile_banner_url":"https:\/\/pbs.twimg.com\/profile_banners\/223434610\/1398733933","profile_link_color":"0084B4","profile_sidebar_border_color":"FFFFFF","profile_sidebar_fill_color":"DDEEF6","profile_text_color":"333333","profile_use_background_image":true,"default_profile":false,"default_profile_image":false,"following":false,"follow_request_sent":false,"notifications":false},"geo":null,"coordinates":null,"place":null,"contributors":null,"retweet_count":0,"favorite_count":1,"entities":{"hashtags":[],"symbols":[],"urls":[],"user_mentions":[{"screen_name":"RealSEOJoe","name":"Joe Simmonds","id":1338427015,"id_str":"1338427015","indices":[0,11]}]},"favorited":false,"retweeted":false,"lang":"en"},{"created_at":"Tue Aug 12 03:43:24 +0000 2014","id":499038414495178752,"id_str":"499038414495178752","text":"With heartfelt thanks to YOU we have busted into the World's Top 100 ranking on Alexa! WOOHOO! http:\/\/t.co\/IknnsXr1S1","source":"\u003ca href=\"http:\/\/itunes.apple.com\/us\/app\/twitter\/id409789998?mt=12\" rel=\"nofollow\"\u003eTwitter for Mac\u003c\/a\u003e","truncated":false,"in_reply_to_status_id":null,"in_reply_to_status_id_str":null,"in_reply_to_user_id":null,"in_reply_to_user_id_str":null,"in_reply_to_screen_name":null,"user":{"id":223434610,"id_str":"223434610","name":"ThemeForest","screen_name":"ThemeForest","location":"Melbourne, Australia","description":"The world leader in premium website themes and templates. Follow the community too #themeforest","url":"http:\/\/t.co\/J3c7B7SVqV","entities":{"url":{"urls":[{"url":"http:\/\/t.co\/J3c7B7SVqV","expanded_url":"http:\/\/themeforest.net","display_url":"themeforest.net","indices":[0,22]}]},"description":{"urls":[]}},"protected":false,"followers_count":3019,"friends_count":176,"listed_count":45,"created_at":"Mon Dec 06 11:31:45 +0000 2010","favourites_count":115,"utc_offset":39600,"time_zone":"New Caledonia","geo_enabled":false,"verified":false,"statuses_count":399,"lang":"en","contributors_enabled":false,"is_translator":false,"is_translation_enabled":false,"profile_background_color":"C0DEED","profile_background_image_url":"http:\/\/pbs.twimg.com\/profile_background_images\/378800000165060312\/OD99Ktl2.jpeg","profile_background_image_url_https":"https:\/\/pbs.twimg.com\/profile_background_images\/378800000165060312\/OD99Ktl2.jpeg","profile_background_tile":false,"profile_image_url":"http:\/\/pbs.twimg.com\/profile_images\/460967605008728065\/llDTN-Pk_normal.png","profile_image_url_https":"https:\/\/pbs.twimg.com\/profile_images\/460967605008728065\/llDTN-Pk_normal.png","profile_banner_url":"https:\/\/pbs.twimg.com\/profile_banners\/223434610\/1398733933","profile_link_color":"0084B4","profile_sidebar_border_color":"FFFFFF","profile_sidebar_fill_color":"DDEEF6","profile_text_color":"333333","profile_use_background_image":true,"default_profile":false,"default_profile_image":false,"following":false,"follow_request_sent":false,"notifications":false},"geo":null,"coordinates":null,"place":null,"contributors":null,"retweet_count":3,"favorite_count":4,"entities":{"hashtags":[],"symbols":[],"urls":[{"url":"http:\/\/t.co\/IknnsXr1S1","expanded_url":"http:\/\/press.envato.com\/83002-australian-website-themeforest-breaks-into-world-s-top-100","display_url":"press.envato.com\/83002-australi\u2026","indices":[95,117]}],"user_mentions":[]},"favorited":false,"retweeted":false,"possibly_sensitive":false,"lang":"en"}]