[{"created_at":"Wed Jun 18 07:25:39 +0000 2014","id":479163015468568576,"id_str":"479163015468568576","text":"Everything you need to become a  @PrestaShop expert http:\/\/t.co\/do5UgD5HRB http:\/\/t.co\/nvuLHNJ9Xl","source":"\u003ca href=\"http:\/\/itunes.apple.com\/us\/app\/twitter\/id409789998?mt=12\" rel=\"nofollow\"\u003eTwitter for Mac\u003c\/a\u003e","truncated":false,"in_reply_to_status_id":null,"in_reply_to_status_id_str":null,"in_reply_to_user_id":null,"in_reply_to_user_id_str":null,"in_reply_to_screen_name":null,"user":{"id":223434610,"id_str":"223434610","name":"ThemeForest","screen_name":"ThemeForest","location":"Melbourne, Australia","description":"The world leader in premium website themes and templates. Follow the community too #themeforest","url":"http:\/\/t.co\/J3c7B7SVqV","entities":{"url":{"urls":[{"url":"http:\/\/t.co\/J3c7B7SVqV","expanded_url":"http:\/\/themeforest.net","display_url":"themeforest.net","indices":[0,22]}]},"description":{"urls":[]}},"protected":false,"followers_count":2406,"friends_count":170,"listed_count":37,"created_at":"Mon Dec 06 11:31:45 +0000 2010","favourites_count":83,"utc_offset":39600,"time_zone":"New Caledonia","geo_enabled":false,"verified":false,"statuses_count":333,"lang":"en","contributors_enabled":false,"is_translator":false,"is_translation_enabled":false,"profile_background_color":"C0DEED","profile_background_image_url":"http:\/\/pbs.twimg.com\/profile_background_images\/378800000165060312\/OD99Ktl2.jpeg","profile_background_image_url_https":"https:\/\/pbs.twimg.com\/profile_background_images\/378800000165060312\/OD99Ktl2.jpeg","profile_background_tile":false,"profile_image_url":"http:\/\/pbs.twimg.com\/profile_images\/460967605008728065\/llDTN-Pk_normal.png","profile_image_url_https":"https:\/\/pbs.twimg.com\/profile_images\/460967605008728065\/llDTN-Pk_normal.png","profile_banner_url":"https:\/\/pbs.twimg.com\/profile_banners\/223434610\/1398733933","profile_link_color":"0084B4","profile_sidebar_border_color":"FFFFFF","profile_sidebar_fill_color":"DDEEF6","profile_text_color":"333333","profile_use_background_image":true,"default_profile":false,"default_profile_image":false,"following":false,"follow_request_sent":false,"notifications":false},"geo":null,"coordinates":null,"place":null,"contributors":null,"retweet_count":0,"favorite_count":1,"entities":{"hashtags":[],"symbols":[],"urls":[{"url":"http:\/\/t.co\/do5UgD5HRB","expanded_url":"http:\/\/enva.to\/1l25ypA","display_url":"enva.to\/1l25ypA","indices":[52,74]}],"user_mentions":[{"screen_name":"PrestaShop","name":"PrestaShop","id":37685279,"id_str":"37685279","indices":[33,44]}],"media":[{"id":479163015313387522,"id_str":"479163015313387522","indices":[75,97],"media_url":"http:\/\/pbs.twimg.com\/media\/BqZUOUVCcAICLMY.jpg","media_url_https":"https:\/\/pbs.twimg.com\/media\/BqZUOUVCcAICLMY.jpg","url":"http:\/\/t.co\/nvuLHNJ9Xl","display_url":"pic.twitter.com\/nvuLHNJ9Xl","expanded_url":"http:\/\/twitter.com\/ThemeForest\/status\/479163015468568576\/photo\/1","type":"photo","sizes":{"medium":{"w":590,"h":300,"resize":"fit"},"thumb":{"w":150,"h":150,"resize":"crop"},"small":{"w":338,"h":172,"resize":"fit"},"large":{"w":590,"h":300,"resize":"fit"}}}]},"extended_entities":{"media":[{"id":479163015313387522,"id_str":"479163015313387522","indices":[75,97],"media_url":"http:\/\/pbs.twimg.com\/media\/BqZUOUVCcAICLMY.jpg","media_url_https":"https:\/\/pbs.twimg.com\/media\/BqZUOUVCcAICLMY.jpg","url":"http:\/\/t.co\/nvuLHNJ9Xl","display_url":"pic.twitter.com\/nvuLHNJ9Xl","expanded_url":"http:\/\/twitter.com\/ThemeForest\/status\/479163015468568576\/photo\/1","type":"photo","sizes":{"medium":{"w":590,"h":300,"resize":"fit"},"thumb":{"w":150,"h":150,"resize":"crop"},"small":{"w":338,"h":172,"resize":"fit"},"large":{"w":590,"h":300,"resize":"fit"}}}]},"favorited":false,"retweeted":false,"possibly_sensitive":false,"lang":"en"}]